[
  {
    "model": "content.category",
    "pk": 1,
    "fields": {
      "name": "Imani",
      "slug": "imani",
      "description": "Masomo na makala za kukuza imani.",
      "created_at": "2025-09-01T09:00:00"
    }
  },
  {
    "model": "content.category",
    "pk": 2,
    "fields": {
      "name": "Maombi",
      "slug": "maombi",
      "description": "Rasilimali za maombi na tafakari.",
      "created_at": "2025-09-01T09:00:00"
    }
  },
  {
    "model": "content.category",
    "pk": 3,
    "fields": {
      "name": "Huduma",
      "slug": "huduma",
      "description": "Huduma za kijamii na makanisa.",
      "created_at": "2025-09-01T09:00:00"
    }
  },
  {
    "model": "content.category",
    "pk": 4,
    "fields": {
      "name": "Ushuhuda",
      "slug": "ushuhuda",
      "description": "Ushuhuda wa maisha na imani.",
      "created_at": "2025-09-01T09:00:00"
    }
  },
  {
    "model": "content.category",
    "pk": 5,
    "fields": {
      "name": "Familia",
      "slug": "familia",
      "description": "Ndoa, malezi, na familia kwa ujumla.",
      "created_at": "2025-09-01T09:00:00"
    }
  },
  {
    "model": "content.category",
    "pk": 6,
    "fields": {
      "name": "Afya",
      "slug": "afya",
      "description": "Afya ya mwili na kiroho.",
      "created_at": "2025-09-01T09:00:00"
    }
  },
  {
    "model": "content.category",
    "pk": 7,
    "fields": {
      "name": "Vijana",
      "slug": "vijana",
      "description": "Vijana na maendeleo yao.",
      "created_at": "2025-09-01T09:00:00"
    }
  },
  {
    "model": "content.category",
    "pk": 8,
    "fields": {
      "name": "Neno la Wiki",
      "slug": "neno-la-wiki",
      "description": "Mkusanyiko wa neno la wiki.",
      "created_at": "2025-09-01T09:00:00"
    }
  },
  {
    "model": "content.post",
    "pk": 1,
    "fields": {
      "title": "Kuishi kwa Imani Kila Siku",
      "slug": "kuishi-kwa-imani-kila-siku",
      "content": "Maudhui marefu ya kuhamasisha imani ya kila siku...",
      "excerpt": "Maudhui mafupi ya makala...",
      "featured_image": "posts/featured-01.jpg",
      "category": 1,
      "author": 1,
      "status": "published",
      "featured": true,
      "views": 120,
      "published_at": "2025-09-02T09:00:00",
      "created_at": "2025-09-01T09:00:00",
      "updated_at": "2025-09-01T09:00:00"
    }
  },
  {
    "model": "content.post",
    "pk": 2,
    "fields": {
      "title": "Nguvu ya Maombi ya Pamoja",
      "slug": "nguvu-ya-maombi-ya-pamoja",
      "content": "Maombi ya pamoja hujenga umoja...",
      "excerpt": "",
      "featured_image": "posts/featured-02.jpg",
      "category": 2,
      "author": 1,
      "status": "published",
      "featured": false,
      "views": 96,
      "published_at": "2025-09-04T12:10:00",
      "created_at": "2025-09-01T09:00:00",
      "updated_at": "2025-09-01T09:00:00"
    }
  },
  {
    "model": "content.post",
    "pk": 3,
    "fields": {
      "title": "Huduma kwa Jamii: Kusaidia Wenye Uhitaji",
      "slug": "huduma-kwa-jamii-kusaidia-wenye-uhitaji",
      "content": "Jinsi ya kupanga na kushiriki huduma...",
      "excerpt": "",
      "featured_image": "",
      "category": 3,
      "author": 1,
      "status": "published",
      "featured": false,
      "views": 77,
      "published_at": "2025-09-06T08:35:00",
      "created_at": "2025-09-01T09:00:00",
      "updated_at": "2025-09-01T09:00:00"
    }
  },
  {
    "model": "content.post",
    "pk": 4,
    "fields": {
      "title": "Ushuhuda: Jinsi Bwana Alivyobadilisha Maisha Yangu",
      "slug": "ushuhuda-jinsi-bwana-alivyobadilisha-maisha-yangu",
      "content": "Ushuhuda wa kugusa moyo...",
      "excerpt": "",
      "featured_image": "posts/featured-04.jpg",
      "category": 4,
      "author": 1,
      "status": "published",
      "featured": true,
      "views": 210,
      "published_at": "2025-09-08T07:15:00",
      "created_at": "2025-09-01T09:00:00",
      "updated_at": "2025-09-01T09:00:00"
    }
  },
  {
    "model": "content.post",
    "pk": 5,
    "fields": {
      "title": "Malezi ya Kikristo kwa Watoto",
      "slug": "malezi-ya-kikristo-kwa-watoto",
      "content": "Mbinu shirikishi za malezi...",
      "excerpt": "",
      "featured_image": "",
      "category": 5,
      "author": 1,
      "status": "published",
      "featured": false,
      "views": 54,
      "published_at": "2025-09-10T15:40:00",
      "created_at": "2025-09-01T09:00:00",
      "updated_at": "2025-09-01T09:00:00"
    }
  },
  {
    "model": "content.post",
    "pk": 6,
    "fields": {
      "title": "Afya na Imani: Mwili wa Hekalu",
      "slug": "afya-na-imani-mwili-wa-hekalu",
      "content": "Kuhusu utunzaji wa afya kama ibada...",
      "excerpt": "",
      "featured_image": "posts/featured-06.jpg",
      "category": 6,
      "author": 1,
      "status": "published",
      "featured": false,
      "views": 62,
      "published_at": "2025-09-12T10:10:00",
      "created_at": "2025-09-01T09:00:00",
      "updated_at": "2025-09-01T09:00:00"
    }
  },
  {
    "model": "content.post",
    "pk": 7,
    "fields": {
      "title": "Vijana na Maamuzi ya Maisha",
      "slug": "vijana-na-maamuzi-ya-maisha",
      "content": "Mwongozo wa vijana...",
      "excerpt": "",
      "featured_image": "",
      "category": 7,
      "author": 1,
      "status": "published",
      "featured": false,
      "views": 39,
      "published_at": "2025-09-14T18:00:00",
      "created_at": "2025-09-01T09:00:00",
      "updated_at": "2025-09-01T09:00:00"
    }
  },
  {
    "model": "content.post",
    "pk": 8,
    "fields": {
      "title": "Neno la Wiki: Tumaini",
      "slug": "neno-la-wiki-tumaini",
      "content": "Aya za kutia tumaini...",
      "excerpt": "",
      "featured_image": "",
      "category": 8,
      "author": 1,
      "status": "published",
      "featured": false,
      "views": 85,
      "published_at": "2025-09-16T06:50:00",
      "created_at": "2025-09-01T09:00:00",
      "updated_at": "2025-09-01T09:00:00"
    }
  },
  {
    "model": "content.post",
    "pk": 9,
    "fields": {
      "title": "Kujenga Nidhamu ya Usomaji wa Biblia",
      "slug": "kujenga-nidhamu-ya-usomaji-wa-biblia",
      "content": "Ratiba, vidokezo, na mbinu...",
      "excerpt": "",
      "featured_image": "posts/featured-09.jpg",
      "category": 1,
      "author": 1,
      "status": "published",
      "featured": false,
      "views": 101,
      "published_at": "2025-09-18T09:05:00",
      "created_at": "2025-09-01T09:00:00",
      "updated_at": "2025-09-01T09:00:00"
    }
  },
  {
    "model": "content.post",
    "pk": 10,
    "fields": {
      "title": "Nguvu ya Kusamehe",
      "slug": "nguvu-ya-kusamehe",
      "content": "Msamaha unaweka huru...",
      "excerpt": "",
      "featured_image": "",
      "category": 4,
      "author": 1,
      "status": "published",
      "featured": true,
      "views": 133,
      "published_at": "2025-09-20T13:20:00",
      "created_at": "2025-09-01T09:00:00",
      "updated_at": "2025-09-01T09:00:00"
    }
  },
  {
    "model": "content.post",
    "pk": 11,
    "fields": {
      "title": "Ndoa yenye Msingi Imara",
      "slug": "ndoa-yenye-msingi-imara",
      "content": "Misingi ya ndoa yenye afya...",
      "excerpt": "",
      "featured_image": "",
      "category": 5,
      "author": 1,
      "status": "published",
      "featured": false,
      "views": 47,
      "published_at": "2025-09-22T11:30:00",
      "created_at": "2025-09-01T09:00:00",
      "updated_at": "2025-09-01T09:00:00"
    }
  },
  {
    "model": "content.post",
    "pk": 12,
    "fields": {
      "title": "Kuwa Mshirika wa Huduma",
      "slug": "kuwa-mshirika-wa-huduma",
      "content": "Jinsi ya kujitolea kwa ufanisi...",
      "excerpt": "",
      "featured_image": "posts/featured-12.jpg",
      "category": 3,
      "author": 1,
      "status": "published",
      "featured": false,
      "views": 29,
      "published_at": "2025-09-24T08:45:00",
      "created_at": "2025-09-01T09:00:00",
      "updated_at": "2025-09-01T09:00:00"
    }
  },
  {
    "model": "content.season",
    "pk": 1,
    "fields": {
      "name": "Msimu wa Imani",
      "slug": "msimu-wa-imani",
      "description": "Mkusanyiko wa masomo ya kuimarisha imani.",
      "image": "",
      "start_date": "2025-09-01",
      "end_date": "2025-10-31",
      "is_active": true,
      "order": 1,
      "created_at": "2025-09-01T09:00:00"
    }
  },
  {
    "model": "content.season",
    "pk": 2,
    "fields": {
      "name": "Msimu wa Maombi",
      "slug": "msimu-wa-maombi",
      "description": "Masomo kuhusu maombi ya kina.",
      "image": "",
      "start_date": "2025-11-01",
      "end_date": "2025-12-31",
      "is_active": true,
      "order": 2,
      "created_at": "2025-09-01T09:00:00"
    }
  },
  {
    "model": "content.season",
    "pk": 3,
    "fields": {
      "name": "Msimu wa Huduma",
      "slug": "msimu-wa-huduma",
      "description": "Huduma kwa jamii na kanisa.",
      "image": "",
      "start_date": "2026-01-01",
      "end_date": "2026-03-31",
      "is_active": false,
      "order": 3,
      "created_at": "2025-09-01T09:00:00"
    }
  },
  {
    "model": "content.series",
    "pk": 1,
    "fields": {
      "name": "Kutembea kwa Imani",
      "slug": "kutembea-kwa-imani",
      "description": "Mfululizo wa somo la imani hai.",
      "season": 1,
      "image": "",
      "order": 1,
      "created_at": "2025-09-01T09:00:00"
    }
  },
  {
    "model": "content.series",
    "pk": 2,
    "fields": {
      "name": "Msingi wa Neno",
      "slug": "msingi-wa-neno",
      "description": "Misingi ya Biblia kwa mwamini.",
      "season": 1,
      "image": "",
      "order": 2,
      "created_at": "2025-09-01T09:00:00"
    }
  },
  {
    "model": "content.series",
    "pk": 3,
    "fields": {
      "name": "Nguvu ya Maombi",
      "slug": "nguvu-ya-maombi",
      "description": "Maombi ya kibiblia na vitendo.",
      "season": 2,
      "image": "",
      "order": 1,
      "created_at": "2025-09-01T09:00:00"
    }
  },
  {
    "model": "content.series",
    "pk": 4,
    "fields": {
      "name": "Kujenga Utaratibu wa Maombi",
      "slug": "kujenga-utaratibu-wa-maombi",
      "description": "Ratiba na nidhamu ya maombi.",
      "season": 2,
      "image": "",
      "order": 2,
      "created_at": "2025-09-01T09:00:00"
    }
  },
  {
    "model": "content.series",
    "pk": 5,
    "fields": {
      "name": "Huduma kwa Wengine",
      "slug": "huduma-kwa-wengine",
      "description": "Msingi wa huduma ya upendo.",
      "season": 3,
      "image": "",
      "order": 1,
      "created_at": "2025-09-01T09:00:00"
    }
  },
  {
    "model": "content.series",
    "pk": 6,
    "fields": {
      "name": "Uongozi wa Kiroho",
      "slug": "uongozi-wa-kiroho",
      "description": "Viongozi na uwajibikaji.",
      "season": 3,
      "image": "",
      "order": 2,
      "created_at": "2025-09-01T09:00:00"
    }
  },
  {
    "model": "content.lesson",
    "pk": 1,
    "fields": {
      "title": "Imani Inayotenda Kazi",
      "slug": "imani-inayotenda-kazi",
      "series": 1,
      "description": "Utangulizi wa imani hai.",
      "content": "Maelezo ya kina ya somo...",
      "featured_image": "",
      "video_url": "https://youtu.be/aaaaaaaaaaa",
      "video_embed_code": "",
      "pdf_file": "lessons/pdfs/lesson-01.pdf",
      "audio_file": "lessons/audio/lesson-01.mp3",
      "duration_minutes": 18,
      "bible_references": "Yakobo 2:14-26",
      "status": "published",
      "order": 1,
      "views": 35,
      "published_at": "2025-09-02T08:00:00",
      "created_at": "2025-09-01T09:00:00",
      "updated_at": "2025-09-01T09:00:00"
    }
  },
  {
    "model": "content.lesson",
    "pk": 2,
    "fields": {
      "title": "Kutazama kwa Imani",
      "slug": "kutazama-kwa-imani",
      "series": 1,
      "description": "",
      "content": "Somo la kutazama mbali kwa imani...",
      "featured_image": "",
      "video_url": "https://youtu.be/bbbbbbbbbbb",
      "video_embed_code": "",
      "pdf_file": "lessons/pdfs/lesson-02.pdf",
      "audio_file": "",
      "duration_minutes": 22,
      "bible_references": "Waebrania 11:1-3",
      "status": "published",
      "order": 2,
      "views": 28,
      "published_at": "2025-09-04T08:00:00",
      "created_at": "2025-09-01T09:00:00",
      "updated_at": "2025-09-01T09:00:00"
    }
  },
  {
    "model": "content.lesson",
    "pk": 3,
    "fields": {
      "title": "Msingi wa Neno 1",
      "slug": "msingi-wa-neno-1",
      "series": 2,
      "description": "Utangulizi wa misingi ya Biblia.",
      "content": "Somo refu...",
      "featured_image": "",
      "video_url": "",
      "video_embed_code": "",
      "pdf_file": "lessons/pdfs/lesson-03.pdf",
      "audio_file": "lessons/audio/lesson-03.mp3",
      "duration_minutes": 25,
      "bible_references": "2 Timotheo 3:16",
      "status": "published",
      "order": 1,
      "views": 19,
      "published_at": "2025-09-06T08:00:00",
      "created_at": "2025-09-01T09:00:00",
      "updated_at": "2025-09-01T09:00:00"
    }
  },
  {
    "model": "content.lesson",
    "pk": 4,
    "fields": {
      "title": "Msingi wa Neno 2",
      "slug": "msingi-wa-neno-2",
      "series": 2,
      "description": "",
      "content": "Msingi unaofuata...",
      "featured_image": "",
      "video_url": "",
      "video_embed_code": "",
      "pdf_file": "",
      "audio_file": "",
      "duration_minutes": 20,
      "bible_references": "Zaburi 119:105",
      "status": "published",
      "order": 2,
      "views": 15,
      "published_at": "2025-09-08T08:00:00",
      "created_at": "2025-09-01T09:00:00",
      "updated_at": "2025-09-01T09:00:00"
    }
  },
  {
    "model": "content.lesson",
    "pk": 5,
    "fields": {
      "title": "Nguvu ya Maombi 1",
      "slug": "nguvu-ya-maombi-1",
      "series": 3,
      "description": "Nguvu ya maombi ya kweli.",
      "content": "Yaliyomo...",
      "featured_image": "",
      "video_url": "https://vimeo.com/12345678",
      "video_embed_code": "",
      "pdf_file": "lessons/pdfs/lesson-05.pdf",
      "audio_file": "",
      "duration_minutes": 17,
      "bible_references": "Yeremia 33:3",
      "status": "published",
      "order": 1,
      "views": 42,
      "published_at": "2025-11-02T08:00:00",
      "created_at": "2025-09-01T09:00:00",
      "updated_at": "2025-09-01T09:00:00"
    }
  },
  {
    "model": "content.lesson",
    "pk": 6,
    "fields": {
      "title": "Nguvu ya Maombi 2",
      "slug": "nguvu-ya-maombi-2",
      "series": 3,
      "description": "",
      "content": "Kuendeleza somo la maombi...",
      "featured_image": "",
      "video_url": "",
      "video_embed_code": "",
      "pdf_file": "lessons/pdfs/lesson-06.pdf",
      "audio_file": "lessons/audio/lesson-06.mp3",
      "duration_minutes": 21,
      "bible_references": "Mathayo 7:7-11",
      "status": "published",
      "order": 2,
      "views": 33,
      "published_at": "2025-11-04T08:00:00",
      "created_at": "2025-09-01T09:00:00",
      "updated_at": "2025-09-01T09:00:00"
    }
  },
  {
    "model": "content.lesson",
    "pk": 7,
    "fields": {
      "title": "Ratiba ya Maombi 1",
      "slug": "ratiba-ya-maombi-1",
      "series": 4,
      "description": "",
      "content": "Kujenga nidhamu...",
      "featured_image": "",
      "video_url": "",
      "video_embed_code": "",
      "pdf_file": "",
      "audio_file": "",
      "duration_minutes": 16,
      "bible_references": "Luka 18:1",
      "status": "published",
      "order": 1,
      "views": 12,
      "published_at": "2025-11-06T08:00:00",
      "created_at": "2025-09-01T09:00:00",
      "updated_at": "2025-09-01T09:00:00"
    }
  },
  {
    "model": "content.lesson",
    "pk": 8,
    "fields": {
      "title": "Ratiba ya Maombi 2",
      "slug": "ratiba-ya-maombi-2",
      "series": 4,
      "description": "",
      "content": "Uendelevu wa nidhamu...",
      "featured_image": "",
      "video_url": "",
      "video_embed_code": "",
      "pdf_file": "lessons/pdfs/lesson-08.pdf",
      "audio_file": "",
      "duration_minutes": 19,
      "bible_references": "1 Wathesalonike 5:17",
      "status": "published",
      "order": 2,
      "views": 10,
      "published_at": "2025-11-08T08:00:00",
      "created_at": "2025-09-01T09:00:00",
      "updated_at": "2025-09-01T09:00:00"
    }
  },
  {
    "model": "content.lesson",
    "pk": 9,
    "fields": {
      "title": "Huduma kwa Wengine 1",
      "slug": "huduma-kwa-wengine-1",
      "series": 5,
      "description": "Msingi wa huduma ya upendo.",
      "content": "Upendo katika matendo...",
      "featured_image": "",
      "video_url": "https://youtu.be/ccccccccccc",
      "video_embed_code": "",
      "pdf_file": "",
      "audio_file": "",
      "duration_minutes": 23,
      "bible_references": "Mathayo 25:35-40",
      "status": "published",
      "order": 1,
      "views": 8,
      "published_at": "2026-01-03T08:00:00",
      "created_at": "2025-09-01T09:00:00",
      "updated_at": "2025-09-01T09:00:00"
    }
  },
  {
    "model": "content.lesson",
    "pk": 10,
    "fields": {
      "title": "Uongozi wa Kiroho 1",
      "slug": "uongozi-wa-kiroho-1",
      "series": 6,
      "description": "",
      "content": "Misingi ya uongozi...",
      "featured_image": "",
      "video_url": "",
      "video_embed_code": "",
      "pdf_file": "lessons/pdfs/lesson-10.pdf",
      "audio_file": "",
      "duration_minutes": 24,
      "bible_references": "1 Timotheo 3:1-7",
      "status": "published",
      "order": 1,
      "views": 7,
      "published_at": "2026-01-05T08:00:00",
      "created_at": "2025-09-01T09:00:00",
      "updated_at": "2025-09-01T09:00:00"
    }
  },
  {
    "model": "content.lesson",
    "pk": 11,
    "fields": {
      "title": "Imani na Matendo",
      "slug": "imani-na-matendo",
      "series": 1,
      "description": "",
      "content": "Imani ikitangamana na matendo...",
      "featured_image": "",
      "video_url": "",
      "video_embed_code": "",
      "pdf_file": "",
      "audio_file": "",
      "duration_minutes": 20,
      "bible_references": "Waefeso 2:8-10",
      "status": "published",
      "order": 3,
      "views": 5,
      "published_at": "2025-09-10T08:00:00",
      "created_at": "2025-09-01T09:00:00",
      "updated_at": "2025-09-01T09:00:00"
    }
  },
  {
    "model": "content.lesson",
    "pk": 12,
    "fields": {
      "title": "Uthabiti wa Neno",
      "slug": "uthabiti-wa-neno",
      "series": 2,
      "description": "",
      "content": "Kudumu katika Neno...",
      "featured_image": "",
      "video_url": "",
      "video_embed_code": "",
      "pdf_file": "",
      "audio_file": "lessons/audio/lesson-12.mp3",
      "duration_minutes": 18,
      "bible_references": "Yohana 8:31-32",
      "status": "published",
      "order": 3,
      "views": 9,
      "published_at": "2025-09-12T08:00:00",
      "created_at": "2025-09-01T09:00:00",
      "updated_at": "2025-09-01T09:00:00"
    }
  },
  {
    "model": "content.lesson",
    "pk": 13,
    "fields": {
      "title": "Siri ya Maombi ya Siku Kuu",
      "slug": "siri-ya-maombi-ya-siku-kuu",
      "series": 3,
      "description": "",
      "content": "Siku kuu za maombi...",
      "featured_image": "",
      "video_url": "",
      "video_embed_code": "",
      "pdf_file": "lessons/pdfs/lesson-13.pdf",
      "audio_file": "",
      "duration_minutes": 26,
      "bible_references": "Marko 9:29",
      "status": "published",
      "order": 3,
      "views": 6,
      "published_at": "2025-11-10T08:00:00",
      "created_at": "2025-09-01T09:00:00",
      "updated_at": "2025-09-01T09:00:00"
    }
  },
  {
    "model": "content.lesson",
    "pk": 14,
    "fields": {
      "title": "Kipindi cha Ukimya Mbele za Mungu",
      "slug": "kipindi-cha-ukimya-mbele-za-mungu",
      "series": 4,
      "description": "",
      "content": "Kumgoja Mungu...",
      "featured_image": "",
      "video_url": "",
      "video_embed_code": "",
      "pdf_file": "",
      "audio_file": "",
      "duration_minutes": 14,
      "bible_references": "Zaburi 46:10",
      "status": "published",
      "order": 3,
      "views": 4,
      "published_at": "2025-11-12T08:00:00",
      "created_at": "2025-09-01T09:00:00",
      "updated_at": "2025-09-01T09:00:00"
    }
  },
  {
    "model": "content.lesson",
    "pk": 15,
    "fields": {
      "title": "Huduma ya Upole",
      "slug": "huduma-ya-upole",
      "series": 5,
      "description": "",
      "content": "Upole katika kuhudumia...",
      "featured_image": "",
      "video_url": "",
      "video_embed_code": "",
      "pdf_file": "",
      "audio_file": "",
      "duration_minutes": 15,
      "bible_references": "Wagalatia 5:22-23",
      "status": "published",
      "order": 2,
      "views": 3,
      "published_at": "2026-01-07T08:00:00",
      "created_at": "2025-09-01T09:00:00",
      "updated_at": "2025-09-01T09:00:00"
    }
  },
  {
    "model": "content.lesson",
    "pk": 16,
    "fields": {
      "title": "Uongozi wa Huduma",
      "slug": "uongozi-wa-huduma",
      "series": 6,
      "description": "",
      "content": "Mawasiliano na uadilifu...",
      "featured_image": "",
      "video_url": "",
      "video_embed_code": "",
      "pdf_file": "lessons/pdfs/lesson-16.pdf",
      "audio_file": "",
      "duration_minutes": 27,
      "bible_references": "Tito 1:5-9",
      "status": "published",
      "order": 2,
      "views": 2,
      "published_at": "2026-01-10T08:00:00",
      "created_at": "2025-09-01T09:00:00",
      "updated_at": "2025-09-01T09:00:00"
    }
  },
  {
    "model": "content.lesson",
    "pk": 17,
    "fields": {
      "title": "Imani Inayovumilia Majaribu",
      "slug": "imani-inayovumilia-majaribu",
      "series": 1,
      "description": "",
      "content": "Jaribu na ushindi...",
      "featured_image": "",
      "video_url": "https://youtu.be/ddddddddddd",
      "video_embed_code": "",
      "pdf_file": "",
      "audio_file": "",
      "duration_minutes": 19,
      "bible_references": "Yakobo 1:2-4",
      "status": "published",
      "order": 4,
      "views": 11,
      "published_at": "2025-09-14T08:00:00",
      "created_at": "2025-09-01T09:00:00",
      "updated_at": "2025-09-01T09:00:00"
    }
  },
  {
    "model": "content.lesson",
    "pk": 18,
    "fields": {
      "title": "Nguvu ya Ushirika wa Maombi",
      "slug": "nguvu-ya-ushirika-wa-maombi",
      "series": 3,
      "description": "",
      "content": "Ushirika na maombi...",
      "featured_image": "",
      "video_url": "",
      "video_embed_code": "",
      "pdf_file": "lessons/pdfs/lesson-18.pdf",
      "audio_file": "",
      "duration_minutes": 20,
      "bible_references": "Matendo 2:42",
      "status": "published",
      "order": 4,
      "views": 5,
      "published_at": "2025-11-14T08:00:00",
      "created_at": "2025-09-01T09:00:00",
      "updated_at": "2025-09-01T09:00:00"
    }
  },
  {
    "model": "content.lesson",
    "pk": 19,
    "fields": {
      "title": "Huduma ya Uponyaji",
      "slug": "huduma-ya-uponyaji",
      "series": 5,
      "description": "",
      "content": "Uponyaji kiroho na mwili...",
      "featured_image": "",
      "video_url": "",
      "video_embed_code": "",
      "pdf_file": "lessons/pdfs/lesson-19.pdf",
      "audio_file": "lessons/audio/lesson-19.mp3",
      "duration_minutes": 22,
      "bible_references": "Yakobo 5:14-16",
      "status": "published",
      "order": 3,
      "views": 4,
      "published_at": "2026-01-14T08:00:00",
      "created_at": "2025-09-01T09:00:00",
      "updated_at": "2025-09-01T09:00:00"
    }
  },
  {
    "model": "content.lesson",
    "pk": 20,
    "fields": {
      "title": "Uadilifu kwa Kiongozi",
      "slug": "uadilifu-kwa-kiongozi",
      "series": 6,
      "description": "",
      "content": "Uadilifu na mfano bora...",
      "featured_image": "",
      "video_url": "",
      "video_embed_code": "",
      "pdf_file": "",
      "audio_file": "",
      "duration_minutes": 18,
      "bible_references": "Methali 11:3",
      "status": "published",
      "order": 3,
      "views": 3,
      "published_at": "2026-01-17T08:00:00",
      "created_at": "2025-09-01T09:00:00",
      "updated_at": "2025-09-01T09:00:00"
    }
  },
  {
    "model": "content.event",
    "pk": 1,
    "fields": {
      "title": "Ibada ya Vijana",
      "slug": "ibada-ya-vijana",
      "description": "Ibada ya vijana na muziki wa sifa.",
      "location": "Dar es Salaam",
      "date": "2025-10-18T16:00:00",
      "end_date": "2025-10-18T19:00:00",
      "image": "events/ibada-vijana.jpg",
      "registration_url": "",
      "is_featured": true,
      "max_attendees": 200,
      "created_at": "2025-09-01T09:00:00"
    }
  },
  {
    "model": "content.event",
    "pk": 2,
    "fields": {
      "title": "Semina ya Ndoa",
      "slug": "semina-ya-ndoa",
      "description": "Mafundisho ya ndoa na ushauri.",
      "location": "Arusha",
      "date": "2025-11-05T09:00:00",
      "end_date": "2025-11-05T16:00:00",
      "image": "",
      "registration_url": "https://example.org/register/ndoa",
      "is_featured": false,
      "max_attendees": 150,
      "created_at": "2025-09-01T09:00:00"
    }
  },
  {
    "model": "content.event",
    "pk": 3,
    "fields": {
      "title": "Huduma ya Jamii - Zahanati",
      "slug": "huduma-jamii-zahanati",
      "description": "Ziara ya kusaidia wagonjwa.",
      "location": "Morogoro",
      "date": "2025-11-20T10:00:00",
      "end_date": null,
      "image": "",
      "registration_url": "",
      "is_featured": false,
      "max_attendees": 60,
      "created_at": "2025-09-01T09:00:00"
    }
  },
  {
    "model": "content.event",
    "pk": 4,
    "fields": {
      "title": "Maombi ya Usiku",
      "slug": "maombi-ya-usiku",
      "description": "Kesha ya maombi na sifa.",
      "location": "Dodoma",
      "date": "2025-12-02T21:00:00",
      "end_date": "2025-12-03T05:30:00",
      "image": "events/maombi-usiku.jpg",
      "registration_url": "",
      "is_featured": true,
      "max_attendees": null,
      "created_at": "2025-09-01T09:00:00"
    }
  },
  {
    "model": "content.event",
    "pk": 5,
    "fields": {
      "title": "Warsha ya Vijana",
      "slug": "warsha-ya-vijana",
      "description": "Vijana na maamuzi sahihi.",
      "location": "Mwanza",
      "date": "2025-12-10T08:00:00",
      "end_date": "2025-12-10T15:00:00",
      "image": "",
      "registration_url": "",
      "is_featured": false,
      "max_attendees": 120,
      "created_at": "2025-09-01T09:00:00"
    }
  },
  {
    "model": "content.event",
    "pk": 6,
    "fields": {
      "title": "Siku ya Familia",
      "slug": "siku-ya-familia",
      "description": "Shughuli za kifamilia na ibada.",
      "location": "Tanga",
      "date": "2025-12-20T09:00:00",
      "end_date": "2025-12-20T17:00:00",
      "image": "",
      "registration_url": "",
      "is_featured": false,
      "max_attendees": 300,
      "created_at": "2025-09-01T09:00:00"
    }
  },
  {
    "model": "content.mediaitem",
    "pk": 1,
    "fields": {
      "title": "Wimbo: Tumaini Langu",
      "description": "Wimbo wa kuinua imani.",
      "media_type": "audio",
      "file": "media/audio/tumaini.mp3",
      "url": "",
      "thumbnail": "",
      "category": 1,
      "tags": "worship,imani",
      "views": 20,
      "created_at": "2025-09-01T09:00:00"
    }
  },
  {
    "model": "content.mediaitem",
    "pk": 2,
    "fields": {
      "title": "Video: Ushuhuda wa Neema",
      "description": "",
      "media_type": "video",
      "file": "",
      "url": "https://youtu.be/vid-neema",
      "thumbnail": "media/thumbnails/ushuhuda.jpg",
      "category": 4,
      "tags": "ushuhuda,neema",
      "views": 44,
      "created_at": "2025-09-01T09:00:00"
    }
  },
  {
    "model": "content.mediaitem",
    "pk": 3,
    "fields": {
      "title": "Picha: Huduma ya Jamii",
      "description": "Picha tukio la huduma.",
      "media_type": "image",
      "file": "media/images/huduma.jpg",
      "url": "",
      "thumbnail": "",
      "category": 3,
      "tags": "huduma,jamii",
      "views": 12,
      "created_at": "2025-09-01T09:00:00"
    }
  },
  {
    "model": "content.mediaitem",
    "pk": 4,
    "fields": {
      "title": "Nyaraka: Mpango wa Maombi",
      "description": "PDF ya ratiba ya maombi.",
      "media_type": "document",
      "file": "media/docs/ratiba-maombi.pdf",
      "url": "",
      "thumbnail": "",
      "category": 2,
      "tags": "maombi,ratiba",
      "views": 9,
      "created_at": "2025-09-01T09:00:00"
    }
  },
  {
    "model": "content.mediaitem",
    "pk": 5,
    "fields": {
      "title": "Video: Somo la Imani",
      "description": "",
      "media_type": "video",
      "file": "",
      "url": "https://vimeo.com/somo-imani",
      "thumbnail": "",
      "category": 1,
      "tags": "somo,imani",
      "views": 33,
      "created_at": "2025-09-01T09:00:00"
    }
  },
  {
    "model": "content.mediaitem",
    "pk": 6,
    "fields": {
      "title": "Audio: Tafakari ya Jioni",
      "description": "",
      "media_type": "audio",
      "file": "media/audio/tafakari-jioni.mp3",
      "url": "",
      "thumbnail": "",
      "category": 8,
      "tags": "tafakari,jioni",
      "views": 7,
      "created_at": "2025-09-01T09:00:00"
    }
  },
  {
    "model": "content.mediaitem",
    "pk": 7,
    "fields": {
      "title": "Picha: Siku ya Familia",
      "description": "",
      "media_type": "image",
      "file": "media/images/familia.jpg",
      "url": "",
      "thumbnail": "",
      "category": 5,
      "tags": "familia",
      "views": 5,
      "created_at": "2025-09-01T09:00:00"
    }
  },
  {
    "model": "content.mediaitem",
    "pk": 8,
    "fields": {
      "title": "Doc: Mwongozo wa Vijana",
      "description": "",
      "media_type": "document",
      "file": "media/docs/vijana-guide.pdf",
      "url": "",
      "thumbnail": "",
      "category": 7,
      "tags": "vijana,guide",
      "views": 6,
      "created_at": "2025-09-01T09:00:00"
    }
  },
  {
    "model": "content.mediaitem",
    "pk": 9,
    "fields": {
      "title": "Video: Afya na Imani",
      "description": "",
      "media_type": "video",
      "file": "",
      "url": "https://youtu.be/afya-imani",
      "thumbnail": "",
      "category": 6,
      "tags": "afya,imani",
      "views": 14,
      "created_at": "2025-09-01T09:00:00"
    }
  },
  {
    "model": "content.mediaitem",
    "pk": 10,
    "fields": {
      "title": "Audio: Maombi ya Asubuhi",
      "description": "",
      "media_type": "audio",
      "file": "media/audio/maombi-asubuhi.mp3",
      "url": "",
      "thumbnail": "",
      "category": 2,
      "tags": "maombi,asubuhi",
      "views": 21,
      "created_at": "2025-09-01T09:00:00"
    }
  },
  {
    "model": "content.prayerrequest",
    "pk": 1,
    "fields": {
      "name": "Anna",
      "email": "anna@example.com",
      "phone": "+255700000001",
      "category": "health",
      "request": "Kuombea afya ya mama yangu.",
      "is_anonymous": false,
      "is_urgent": true,
      "is_answered": false,
      "created_at": "2025-09-01T09:00:00"
    }
  },
  {
    "model": "content.prayerrequest",
    "pk": 2,
    "fields": {
      "name": "Juma",
      "email": "juma@example.com",
      "phone": "",
      "category": "spiritual",
      "request": "Kuomba nguvu ya kuendelea kiimani.",
      "is_anonymous": false,
      "is_urgent": false,
      "is_answered": false,
      "created_at": "2025-09-01T09:00:00"
    }
  },
  {
    "model": "content.prayerrequest",
    "pk": 3,
    "fields": {
      "name": "",
      "email": "",
      "phone": "",
      "category": "family",
      "request": "Kuombea ndoa yetu.",
      "is_anonymous": true,
      "is_urgent": false,
      "is_answered": false,
      "created_at": "2025-09-01T09:00:00"
    }
  },
  {
    "model": "content.prayerrequest",
    "pk": 4,
    "fields": {
      "name": "Neema",
      "email": "neema@example.com",
      "phone": "+255700000002",
      "category": "work",
      "request": "Kazi mpya na funguo za riziki.",
      "is_anonymous": false,
      "is_urgent": false,
      "is_answered": false,
      "created_at": "2025-09-01T09:00:00"
    }
  },
  {
    "model": "content.prayerrequest",
    "pk": 5,
    "fields": {
      "name": "Musa",
      "email": "musa@example.com",
      "phone": "",
      "category": "community",
      "request": "Amani kijijini kwetu.",
      "is_anonymous": false,
      "is_urgent": false,
      "is_answered": false,
      "created_at": "2025-09-01T09:00:00"
    }
  },
  {
    "model": "content.prayerrequest",
    "pk": 6,
    "fields": {
      "name": "Sara",
      "email": "sara@example.com",
      "phone": "",
      "category": "personal",
      "request": "Uongozi wa Mungu katika maamuzi.",
      "is_anonymous": false,
      "is_urgent": false,
      "is_answered": false,
      "created_at": "2025-09-01T09:00:00"
    }
  },
  {
    "model": "content.prayerrequest",
    "pk": 7,
    "fields": {
      "name": "Jonas",
      "email": "jonas@example.com",
      "phone": "+255700000003",
      "category": "health",
      "request": "Uponyaji wa ndugu yangu.",
      "is_anonymous": false,
      "is_urgent": true,
      "is_answered": false,
      "created_at": "2025-09-01T09:00:00"
    }
  },
  {
    "model": "content.prayerrequest",
    "pk": 8,
    "fields": {
      "name": "",
      "email": "",
      "phone": "",
      "category": "other",
      "request": "Mungu anajua mahitaji yangu.",
      "is_anonymous": true,
      "is_urgent": false,
      "is_answered": false,
      "created_at": "2025-09-01T09:00:00"
    }
  },
  {
    "model": "content.profile",
    "pk": 1,
    "fields": {
      "user": 1,
      "phone_number": "+255767000001",
      "email_verified": true,
      "email_verification_token": "",
      "token_created_at": null,
      "receive_notifications": true,
      "created_at": "2025-09-01T09:00:00"
    }
  },
  {
    "model": "content.profile",
    "pk": 2,
    "fields": {
      "user": 2,
      "phone_number": "+255767000002",
      "email_verified": false,
      "email_verification_token": "",
      "token_created_at": null,
      "receive_notifications": true,
      "created_at": "2025-09-01T09:00:00"
    }
  },
  {
    "model": "content.profile",
    "pk": 3,
    "fields": {
      "user": 3,
      "phone_number": "+255767000003",
      "email_verified": false,
      "email_verification_token": "",
      "token_created_at": null,
      "receive_notifications": true,
      "created_at": "2025-09-01T09:00:00"
    }
  },
  {
    "model": "content.profile",
    "pk": 4,
    "fields": {
      "user": 4,
      "phone_number": "+255767000004",
      "email_verified": true,
      "email_verification_token": "",
      "token_created_at": null,
      "receive_notifications": false,
      "created_at": "2025-09-01T09:00:00"
    }
  },
  {
    "model": "content.profile",
    "pk": 5,
    "fields": {
      "user": 5,
      "phone_number": "+255767000005",
      "email_verified": false,
      "email_verification_token": "",
      "token_created_at": null,
      "receive_notifications": true,
      "created_at": "2025-09-01T09:00:00"
    }
  },
  {
    "model": "content.profile",
    "pk": 6,
    "fields": {
      "user": 6,
      "phone_number": "+255767000006",
      "email_verified": false,
      "email_verification_token": "",
      "token_created_at": null,
      "receive_notifications": true,
      "created_at": "2025-09-01T09:00:00"
    }
  },
  {
    "model": "content.lessonlike",
    "pk": 1,
    "fields": {
      "user": 2,
      "lesson": 1,
      "created_at": "2025-09-01T09:00:00"
    }
  },
  {
    "model": "content.lessonlike",
    "pk": 2,
    "fields": {
      "user": 3,
      "lesson": 1,
      "created_at": "2025-09-01T09:00:00"
    }
  },
  {
    "model": "content.lessonlike",
    "pk": 3,
    "fields": {
      "user": 4,
      "lesson": 2,
      "created_at": "2025-09-01T09:00:00"
    }
  },
  {
    "model": "content.lessonlike",
    "pk": 4,
    "fields": {
      "user": 5,
      "lesson": 5,
      "created_at": "2025-09-01T09:00:00"
    }
  },
  {
    "model": "content.lessonlike",
    "pk": 5,
    "fields": {
      "user": 6,
      "lesson": 9,
      "created_at": "2025-09-01T09:00:00"
    }
  },
  {
    "model": "content.lessonlike",
    "pk": 6,
    "fields": {
      "user": 2,
      "lesson": 12,
      "created_at": "2025-09-01T09:00:00"
    }
  },
  {
    "model": "content.lessonlike",
    "pk": 7,
    "fields": {
      "user": 3,
      "lesson": 13,
      "created_at": "2025-09-01T09:00:00"
    }
  },
  {
    "model": "content.lessonlike",
    "pk": 8,
    "fields": {
      "user": 4,
      "lesson": 17,
      "created_at": "2025-09-01T09:00:00"
    }
  },
  {
    "model": "content.lessonlike",
    "pk": 9,
    "fields": {
      "user": 5,
      "lesson": 18,
      "created_at": "2025-09-01T09:00:00"
    }
  },
  {
    "model": "content.lessonlike",
    "pk": 10,
    "fields": {
      "user": 6,
      "lesson": 20,
      "created_at": "2025-09-01T09:00:00"
    }
  },
  {
    "model": "content.lessoncomment",
    "pk": 1,
    "fields": {
      "user": 2,
      "lesson": 1,
      "body": "Somo limenibariki sana!",
      "is_approved": true,
      "created_at": "2025-09-01T09:00:00"
    }
  },
  {
    "model": "content.lessoncomment",
    "pk": 2,
    "fields": {
      "user": 3,
      "lesson": 2,
      "body": "Nimejifunza kuamini zaidi.",
      "is_approved": true,
      "created_at": "2025-09-01T09:00:00"
    }
  },
  {
    "model": "content.lessoncomment",
    "pk": 3,
    "fields": {
      "user": 4,
      "lesson": 5,
      "body": "Maombi yana nguvu kweli.",
      "is_approved": true,
      "created_at": "2025-09-01T09:00:00"
    }
  },
  {
    "model": "content.lessoncomment",
    "pk": 4,
    "fields": {
      "user": 5,
      "lesson": 9,
      "body": "Huduma ya jamii imenigusa.",
      "is_approved": true,
      "created_at": "2025-09-01T09:00:00"
    }
  },
  {
    "model": "content.lessoncomment",
    "pk": 5,
    "fields": {
      "user": 6,
      "lesson": 10,
      "body": "Uongozi wa kiroho ni muhimu.",
      "is_approved": true,
      "created_at": "2025-09-01T09:00:00"
    }
  },
  {
    "model": "content.lessoncomment",
    "pk": 6,
    "fields": {
      "user": 2,
      "lesson": 12,
      "body": "Neno linatuweka huru.",
      "is_approved": true,
      "created_at": "2025-09-01T09:00:00"
    }
  },
  {
    "model": "content.lessoncomment",
    "pk": 7,
    "fields": {
      "user": 3,
      "lesson": 13,
      "body": "Siku kuu ya maombi ni baraka.",
      "is_approved": true,
      "created_at": "2025-09-01T09:00:00"
    }
  },
  {
    "model": "content.lessoncomment",
    "pk": 8,
    "fields": {
      "user": 4,
      "lesson": 17,
      "body": "Uvumilivu katika majaribu ni somo kuu.",
      "is_approved": true,
      "created_at": "2025-09-01T09:00:00"
    }
  },
  {
    "model": "content.lessoncomment",
    "pk": 9,
    "fields": {
      "user": 5,
      "lesson": 18,
      "body": "Ushirika wa maombi umejengwa.",
      "is_approved": true,
      "created_at": "2025-09-01T09:00:00"
    }
  },
  {
    "model": "content.lessoncomment",
    "pk": 10,
    "fields": {
      "user": 6,
      "lesson": 19,
      "body": "Somo la uponyaji limenifariji.",
      "is_approved": true,
      "created_at": "2025-09-01T09:00:00"
    }
  },
  {
    "model": "content.announcement",
    "pk": 1,
    "fields": {
      "title": "Wiki ya Maombi",
      "body": "Tuna wiki maalum ya maombi kuanzia Jumatatu.",
      "sent_at": "2025-10-01T10:00:00",
      "sent_by": 1,
      "created_at": "2025-09-01T09:00:00"
    }
  },
  {
    "model": "content.announcement",
    "pk": 2,
    "fields": {
      "title": "Huduma ya Jamii",
      "body": "Jiunge nasi kwenye huduma ya jamii Jumamosi.",
      "sent_at": "2025-10-05T12:00:00",
      "sent_by": 1,
      "created_at": "2025-09-01T09:00:00"
    }
  },
  {
    "model": "content.announcement",
    "pk": 3,
    "fields": {
      "title": "Mafunzo ya Ndoa",
      "body": "Wanandoa wote mnakaribishwa kwenye mafunzo jumapili.",
      "sent_at": "2025-10-10T09:30:00",
      "sent_by": 1,
      "created_at": "2025-09-01T09:00:00"
    }
  },
  {
    "model": "content.announcement",
    "pk": 4,
    "fields": {
      "title": "Usiku wa Sifa",
      "body": "Tutakusanyika kwa sifa na kuabudu Ijumaa.",
      "sent_at": "2025-10-14T18:00:00",
      "sent_by": 1,
      "created_at": "2025-09-01T09:00:00"
    }
  },
  {
    "model": "content.announcement",
    "pk": 5,
    "fields": {
      "title": "Ratiba Mpya",
      "body": "Ratiba mpya ya masomo na ibada imewekwa kwenye tovuti.",
      "sent_at": "2025-10-18T07:45:00",
      "sent_by": 1,
      "created_at": "2025-09-01T09:00:00"
    }
  }
]